id, k, eigs, ri, voi
201080, 19, 2, 0.784386, 2.993030
201080, 19, 4, 0.812467, 2.211276
201080, 19, 6, 0.780402, 2.407946
201080, 19, 8, 0.741366, 2.498312
201080, 19, 10, 0.720508, 2.605762
201080, 19, 12, 0.811312, 2.098164
201080, 19, 14, 0.722789, 2.577805
201080, 19, 16, 0.731614, 2.473633
201080, 19, 18, 0.750113, 2.275889
201080, 19, 19, 0.745806, 2.289410
