image,duration,graphSize,averageDegree
250087,10.739316208986565,215245.0,11.094827712857757
