image,duration,graphSize,averageDegree
250087,111.03612570802215,9309203.0,120.58476194955817
