image,duration,graphSize
250087,121.73602445796132,9162543.0
259060,144.9017221669783,5246530.0
140006,141.11066320899408,10519083.0
106047,199.79080083302688,6070864.0
279005,137.20252654101932,11297402.0
5096,165.49468195799273,8833249.0
